{
  "ABIRoot": {
    "kind": "Root",
    "name": "APSDKMediationCauly",
    "printedName": "APSDKMediationCauly",
    "children": [
      {
        "kind": "Import",
        "name": "UIKit",
        "printedName": "UIKit",
        "declKind": "Import",
        "moduleName": "APSDKMediationCauly",
        "declAttributes": [
          "RawDocComment"
        ]
      },
      {
        "kind": "Import",
        "name": "AdPopcornSSPSDK",
        "printedName": "AdPopcornSSPSDK",
        "declKind": "Import",
        "moduleName": "APSDKMediationCauly"
      },
      {
        "kind": "TypeDecl",
        "name": "CaulyBannerAdapter",
        "printedName": "CaulyBannerAdapter",
        "children": [
          {
            "kind": "Var",
            "name": "delegate",
            "printedName": "delegate",
            "children": [
              {
                "kind": "TypeNominal",
                "name": "WeakStorage",
                "printedName": "(any AdPopcornSSPSDK.BannerAdapterDelegate)?"
              }
            ],
            "declKind": "Var",
            "usr": "s:19APSDKMediationCauly0B13BannerAdapterC8delegate15AdPopcornSSPSDK0cD8Delegate_pSgvp",
            "mangledName": "$s19APSDKMediationCauly0B13BannerAdapterC8delegate15AdPopcornSSPSDK0cD8Delegate_pSgvp",
            "moduleName": "APSDKMediationCauly",
            "declAttributes": [
              "HasInitialValue",
              "Final",
              "HasStorage",
              "AccessControl",
              "ReferenceOwnership"
            ],
            "ownership": 1,
            "hasStorage": true,
            "accessors": [
              {
                "kind": "Accessor",
                "name": "Get",
                "printedName": "Get()",
                "children": [
                  {
                    "kind": "TypeNominal",
                    "name": "Optional",
                    "printedName": "(any AdPopcornSSPSDK.BannerAdapterDelegate)?",
                    "children": [
                      {
                        "kind": "TypeNominal",
                        "name": "BannerAdapterDelegate",
                        "printedName": "any AdPopcornSSPSDK.BannerAdapterDelegate",
                        "usr": "s:15AdPopcornSSPSDK21BannerAdapterDelegateP"
                      }
                    ],
                    "usr": "s:Sq"
                  }
                ],
                "declKind": "Accessor",
                "usr": "s:19APSDKMediationCauly0B13BannerAdapterC8delegate15AdPopcornSSPSDK0cD8Delegate_pSgvg",
                "mangledName": "$s19APSDKMediationCauly0B13BannerAdapterC8delegate15AdPopcornSSPSDK0cD8Delegate_pSgvg",
                "moduleName": "APSDKMediationCauly",
                "implicit": true,
                "declAttributes": [
                  "Final"
                ],
                "accessorKind": "get"
              },
              {
                "kind": "Accessor",
                "name": "Set",
                "printedName": "Set()",
                "children": [
                  {
                    "kind": "TypeNominal",
                    "name": "Void",
                    "printedName": "()"
                  },
                  {
                    "kind": "TypeNominal",
                    "name": "Optional",
                    "printedName": "(any AdPopcornSSPSDK.BannerAdapterDelegate)?",
                    "children": [
                      {
                        "kind": "TypeNominal",
                        "name": "BannerAdapterDelegate",
                        "printedName": "any AdPopcornSSPSDK.BannerAdapterDelegate",
                        "usr": "s:15AdPopcornSSPSDK21BannerAdapterDelegateP"
                      }
                    ],
                    "usr": "s:Sq"
                  }
                ],
                "declKind": "Accessor",
                "usr": "s:19APSDKMediationCauly0B13BannerAdapterC8delegate15AdPopcornSSPSDK0cD8Delegate_pSgvs",
                "mangledName": "$s19APSDKMediationCauly0B13BannerAdapterC8delegate15AdPopcornSSPSDK0cD8Delegate_pSgvs",
                "moduleName": "APSDKMediationCauly",
                "implicit": true,
                "declAttributes": [
                  "Final"
                ],
                "accessorKind": "set"
              },
              {
                "kind": "Accessor",
                "name": "Modify",
                "printedName": "Modify()",
                "children": [
                  {
                    "kind": "TypeNominal",
                    "name": "Void",
                    "printedName": "()"
                  }
                ],
                "declKind": "Accessor",
                "usr": "s:19APSDKMediationCauly0B13BannerAdapterC8delegate15AdPopcornSSPSDK0cD8Delegate_pSgvM",
                "mangledName": "$s19APSDKMediationCauly0B13BannerAdapterC8delegate15AdPopcornSSPSDK0cD8Delegate_pSgvM",
                "moduleName": "APSDKMediationCauly",
                "implicit": true,
                "declAttributes": [
                  "Final"
                ],
                "accessorKind": "_modify"
              }
            ]
          },
          {
            "kind": "Var",
            "name": "rootViewController",
            "printedName": "rootViewController",
            "children": [
              {
                "kind": "TypeNominal",
                "name": "WeakStorage",
                "printedName": "UIKit.UIViewController?"
              }
            ],
            "declKind": "Var",
            "usr": "s:19APSDKMediationCauly0B13BannerAdapterC18rootViewControllerSo06UIViewG0CSgvp",
            "mangledName": "$s19APSDKMediationCauly0B13BannerAdapterC18rootViewControllerSo06UIViewG0CSgvp",
            "moduleName": "APSDKMediationCauly",
            "declAttributes": [
              "HasInitialValue",
              "Final",
              "HasStorage",
              "AccessControl",
              "ReferenceOwnership"
            ],
            "ownership": 1,
            "hasStorage": true,
            "accessors": [
              {
                "kind": "Accessor",
                "name": "Get",
                "printedName": "Get()",
                "children": [
                  {
                    "kind": "TypeNominal",
                    "name": "Optional",
                    "printedName": "UIKit.UIViewController?",
                    "children": [
                      {
                        "kind": "TypeNominal",
                        "name": "UIViewController",
                        "printedName": "UIKit.UIViewController",
                        "usr": "c:objc(cs)UIViewController"
                      }
                    ],
                    "usr": "s:Sq"
                  }
                ],
                "declKind": "Accessor",
                "usr": "s:19APSDKMediationCauly0B13BannerAdapterC18rootViewControllerSo06UIViewG0CSgvg",
                "mangledName": "$s19APSDKMediationCauly0B13BannerAdapterC18rootViewControllerSo06UIViewG0CSgvg",
                "moduleName": "APSDKMediationCauly",
                "implicit": true,
                "declAttributes": [
                  "Final"
                ],
                "accessorKind": "get"
              },
              {
                "kind": "Accessor",
                "name": "Set",
                "printedName": "Set()",
                "children": [
                  {
                    "kind": "TypeNominal",
                    "name": "Void",
                    "printedName": "()"
                  },
                  {
                    "kind": "TypeNominal",
                    "name": "Optional",
                    "printedName": "UIKit.UIViewController?",
                    "children": [
                      {
                        "kind": "TypeNominal",
                        "name": "UIViewController",
                        "printedName": "UIKit.UIViewController",
                        "usr": "c:objc(cs)UIViewController"
                      }
                    ],
                    "usr": "s:Sq"
                  }
                ],
                "declKind": "Accessor",
                "usr": "s:19APSDKMediationCauly0B13BannerAdapterC18rootViewControllerSo06UIViewG0CSgvs",
                "mangledName": "$s19APSDKMediationCauly0B13BannerAdapterC18rootViewControllerSo06UIViewG0CSgvs",
                "moduleName": "APSDKMediationCauly",
                "implicit": true,
                "declAttributes": [
                  "Final"
                ],
                "accessorKind": "set"
              },
              {
                "kind": "Accessor",
                "name": "Modify",
                "printedName": "Modify()",
                "children": [
                  {
                    "kind": "TypeNominal",
                    "name": "Void",
                    "printedName": "()"
                  }
                ],
                "declKind": "Accessor",
                "usr": "s:19APSDKMediationCauly0B13BannerAdapterC18rootViewControllerSo06UIViewG0CSgvM",
                "mangledName": "$s19APSDKMediationCauly0B13BannerAdapterC18rootViewControllerSo06UIViewG0CSgvM",
                "moduleName": "APSDKMediationCauly",
                "implicit": true,
                "declAttributes": [
                  "Final"
                ],
                "accessorKind": "_modify"
              }
            ]
          },
          {
            "kind": "Constructor",
            "name": "init",
            "printedName": "init(placementDic:bannerType:rootViewController:info:)",
            "children": [
              {
                "kind": "TypeNominal",
                "name": "CaulyBannerAdapter",
                "printedName": "APSDKMediationCauly.CaulyBannerAdapter",
                "usr": "s:19APSDKMediationCauly0B13BannerAdapterC"
              },
              {
                "kind": "TypeNominal",
                "name": "Dictionary",
                "printedName": "[Swift.String : Swift.String]",
                "children": [
                  {
                    "kind": "TypeNominal",
                    "name": "String",
                    "printedName": "Swift.String",
                    "usr": "s:SS"
                  },
                  {
                    "kind": "TypeNominal",
                    "name": "String",
                    "printedName": "Swift.String",
                    "usr": "s:SS"
                  }
                ],
                "usr": "s:SD"
              },
              {
                "kind": "TypeNominal",
                "name": "AdPopcornBannerSize",
                "printedName": "AdPopcornSSPSDK.AdPopcornBannerSize",
                "usr": "c:@M@AdPopcornSSPSDK@E@AdPopcornBannerSize"
              },
              {
                "kind": "TypeNominal",
                "name": "Optional",
                "printedName": "UIKit.UIViewController?",
                "children": [
                  {
                    "kind": "TypeNominal",
                    "name": "UIViewController",
                    "printedName": "UIKit.UIViewController",
                    "usr": "c:objc(cs)UIViewController"
                  }
                ],
                "usr": "s:Sq"
              },
              {
                "kind": "TypeNominal",
                "name": "Dictionary",
                "printedName": "[Swift.String : Any?]",
                "children": [
                  {
                    "kind": "TypeNominal",
                    "name": "String",
                    "printedName": "Swift.String",
                    "usr": "s:SS"
                  },
                  {
                    "kind": "TypeNominal",
                    "name": "Optional",
                    "printedName": "Any?",
                    "children": [
                      {
                        "kind": "TypeNominal",
                        "name": "ProtocolComposition",
                        "printedName": "Any"
                      }
                    ],
                    "usr": "s:Sq"
                  }
                ],
                "usr": "s:SD"
              }
            ],
            "declKind": "Constructor",
            "usr": "s:19APSDKMediationCauly0B13BannerAdapterC12placementDic10bannerType18rootViewController4infoACSDyS2SG_15AdPopcornSSPSDK0mnC4SizeOSo06UIViewK0CSgSDySSypSgGtcfc",
            "mangledName": "$s19APSDKMediationCauly0B13BannerAdapterC12placementDic10bannerType18rootViewController4infoACSDyS2SG_15AdPopcornSSPSDK0mnC4SizeOSo06UIViewK0CSgSDySSypSgGtcfc",
            "moduleName": "APSDKMediationCauly",
            "declAttributes": [
              "AccessControl"
            ],
            "init_kind": "Designated"
          },
          {
            "kind": "Function",
            "name": "connectDelegate",
            "printedName": "connectDelegate(delegate:)",
            "children": [
              {
                "kind": "TypeNominal",
                "name": "Void",
                "printedName": "()"
              },
              {
                "kind": "TypeNominal",
                "name": "BannerAdapterDelegate",
                "printedName": "any AdPopcornSSPSDK.BannerAdapterDelegate",
                "usr": "s:15AdPopcornSSPSDK21BannerAdapterDelegateP"
              }
            ],
            "declKind": "Func",
            "usr": "s:19APSDKMediationCauly0B13BannerAdapterC15connectDelegate8delegatey15AdPopcornSSPSDK0cdF0_p_tF",
            "mangledName": "$s19APSDKMediationCauly0B13BannerAdapterC15connectDelegate8delegatey15AdPopcornSSPSDK0cdF0_p_tF",
            "moduleName": "APSDKMediationCauly",
            "declAttributes": [
              "Final",
              "AccessControl"
            ],
            "funcSelfKind": "NonMutating"
          },
          {
            "kind": "Function",
            "name": "disconnectDelegate",
            "printedName": "disconnectDelegate()",
            "children": [
              {
                "kind": "TypeNominal",
                "name": "Void",
                "printedName": "()"
              }
            ],
            "declKind": "Func",
            "usr": "s:19APSDKMediationCauly0B13BannerAdapterC18disconnectDelegateyyF",
            "mangledName": "$s19APSDKMediationCauly0B13BannerAdapterC18disconnectDelegateyyF",
            "moduleName": "APSDKMediationCauly",
            "declAttributes": [
              "Final",
              "AccessControl"
            ],
            "funcSelfKind": "NonMutating"
          },
          {
            "kind": "Function",
            "name": "stop",
            "printedName": "stop()",
            "children": [
              {
                "kind": "TypeNominal",
                "name": "Void",
                "printedName": "()"
              }
            ],
            "declKind": "Func",
            "usr": "s:19APSDKMediationCauly0B13BannerAdapterC4stopyyF",
            "mangledName": "$s19APSDKMediationCauly0B13BannerAdapterC4stopyyF",
            "moduleName": "APSDKMediationCauly",
            "declAttributes": [
              "Final",
              "AccessControl"
            ],
            "funcSelfKind": "NonMutating"
          },
          {
            "kind": "Function",
            "name": "bannerViewSuccess",
            "printedName": "bannerViewSuccess(bannerView:)",
            "children": [
              {
                "kind": "TypeNominal",
                "name": "Void",
                "printedName": "()"
              },
              {
                "kind": "TypeNominal",
                "name": "UIView",
                "printedName": "UIKit.UIView",
                "usr": "c:objc(cs)UIView"
              }
            ],
            "declKind": "Func",
            "usr": "s:19APSDKMediationCauly0B13BannerAdapterC17bannerViewSuccess0eF0ySo6UIViewC_tF",
            "mangledName": "$s19APSDKMediationCauly0B13BannerAdapterC17bannerViewSuccess0eF0ySo6UIViewC_tF",
            "moduleName": "APSDKMediationCauly",
            "declAttributes": [
              "Final",
              "AccessControl"
            ],
            "isFromExtension": true,
            "funcSelfKind": "NonMutating"
          },
          {
            "kind": "Function",
            "name": "bannerViewFailed",
            "printedName": "bannerViewFailed(bannerView:error:)",
            "children": [
              {
                "kind": "TypeNominal",
                "name": "Void",
                "printedName": "()"
              },
              {
                "kind": "TypeNominal",
                "name": "UIView",
                "printedName": "UIKit.UIView",
                "usr": "c:objc(cs)UIView"
              },
              {
                "kind": "TypeNominal",
                "name": "NetworkError",
                "printedName": "AdPopcornSSPSDK.NetworkError",
                "usr": "c:@M@AdPopcornSSPSDK@E@NetworkError"
              }
            ],
            "declKind": "Func",
            "usr": "s:19APSDKMediationCauly0B13BannerAdapterC16bannerViewFailed0eF05errorySo6UIViewC_15AdPopcornSSPSDK12NetworkErrorOtF",
            "mangledName": "$s19APSDKMediationCauly0B13BannerAdapterC16bannerViewFailed0eF05errorySo6UIViewC_15AdPopcornSSPSDK12NetworkErrorOtF",
            "moduleName": "APSDKMediationCauly",
            "declAttributes": [
              "Final",
              "AccessControl"
            ],
            "isFromExtension": true,
            "funcSelfKind": "NonMutating"
          },
          {
            "kind": "Function",
            "name": "bannerViewClicked",
            "printedName": "bannerViewClicked(message:)",
            "children": [
              {
                "kind": "TypeNominal",
                "name": "Void",
                "printedName": "()"
              },
              {
                "kind": "TypeNominal",
                "name": "String",
                "printedName": "Swift.String",
                "usr": "s:SS"
              }
            ],
            "declKind": "Func",
            "usr": "s:19APSDKMediationCauly0B13BannerAdapterC17bannerViewClicked7messageySS_tF",
            "mangledName": "$s19APSDKMediationCauly0B13BannerAdapterC17bannerViewClicked7messageySS_tF",
            "moduleName": "APSDKMediationCauly",
            "declAttributes": [
              "Final",
              "AccessControl"
            ],
            "isFromExtension": true,
            "funcSelfKind": "NonMutating"
          },
          {
            "kind": "Function",
            "name": "bannerViewImpression",
            "printedName": "bannerViewImpression(message:)",
            "children": [
              {
                "kind": "TypeNominal",
                "name": "Void",
                "printedName": "()"
              },
              {
                "kind": "TypeNominal",
                "name": "String",
                "printedName": "Swift.String",
                "usr": "s:SS"
              }
            ],
            "declKind": "Func",
            "usr": "s:19APSDKMediationCauly0B13BannerAdapterC20bannerViewImpression7messageySS_tF",
            "mangledName": "$s19APSDKMediationCauly0B13BannerAdapterC20bannerViewImpression7messageySS_tF",
            "moduleName": "APSDKMediationCauly",
            "declAttributes": [
              "Final",
              "AccessControl"
            ],
            "isFromExtension": true,
            "funcSelfKind": "NonMutating"
          }
        ],
        "declKind": "Class",
        "usr": "s:19APSDKMediationCauly0B13BannerAdapterC",
        "mangledName": "$s19APSDKMediationCauly0B13BannerAdapterC",
        "moduleName": "APSDKMediationCauly",
        "declAttributes": [
          "AccessControl",
          "Final"
        ],
        "conformances": [
          {
            "kind": "Conformance",
            "name": "Copyable",
            "printedName": "Copyable",
            "usr": "s:s8CopyableP",
            "mangledName": "$ss8CopyableP"
          },
          {
            "kind": "Conformance",
            "name": "Escapable",
            "printedName": "Escapable",
            "usr": "s:s9EscapableP",
            "mangledName": "$ss9EscapableP"
          },
          {
            "kind": "Conformance",
            "name": "BannerAdapterProtocol",
            "printedName": "BannerAdapterProtocol",
            "usr": "s:15AdPopcornSSPSDK21BannerAdapterProtocolP",
            "mangledName": "$s15AdPopcornSSPSDK21BannerAdapterProtocolP"
          },
          {
            "kind": "Conformance",
            "name": "BannerAdapterDelegate",
            "printedName": "BannerAdapterDelegate",
            "usr": "s:15AdPopcornSSPSDK21BannerAdapterDelegateP",
            "mangledName": "$s15AdPopcornSSPSDK21BannerAdapterDelegateP"
          }
        ]
      },
      {
        "kind": "Import",
        "name": "UIKit",
        "printedName": "UIKit",
        "declKind": "Import",
        "moduleName": "APSDKMediationCauly",
        "declAttributes": [
          "RawDocComment"
        ]
      },
      {
        "kind": "Import",
        "name": "AdPopcornSSPSDK",
        "printedName": "AdPopcornSSPSDK",
        "declKind": "Import",
        "moduleName": "APSDKMediationCauly"
      },
      {
        "kind": "Import",
        "name": "CaulySDK",
        "printedName": "CaulySDK",
        "declKind": "Import",
        "moduleName": "APSDKMediationCauly"
      },
      {
        "kind": "Import",
        "name": "Foundation",
        "printedName": "Foundation",
        "declKind": "Import",
        "moduleName": "APSDKMediationCauly",
        "declAttributes": [
          "RawDocComment"
        ]
      },
      {
        "kind": "Import",
        "name": "AdPopcornSSPSDK",
        "printedName": "AdPopcornSSPSDK",
        "declKind": "Import",
        "moduleName": "APSDKMediationCauly"
      },
      {
        "kind": "Import",
        "name": "CaulySDK",
        "printedName": "CaulySDK",
        "declKind": "Import",
        "moduleName": "APSDKMediationCauly"
      },
      {
        "kind": "TypeDecl",
        "name": "CaulyInitializationAdapter",
        "printedName": "CaulyInitializationAdapter",
        "children": [
          {
            "kind": "Constructor",
            "name": "init",
            "printedName": "init()",
            "children": [
              {
                "kind": "TypeNominal",
                "name": "CaulyInitializationAdapter",
                "printedName": "APSDKMediationCauly.CaulyInitializationAdapter",
                "usr": "s:19APSDKMediationCauly0B21InitializationAdapterC"
              }
            ],
            "declKind": "Constructor",
            "usr": "s:19APSDKMediationCauly0B21InitializationAdapterCACycfc",
            "mangledName": "$s19APSDKMediationCauly0B21InitializationAdapterCACycfc",
            "moduleName": "APSDKMediationCauly",
            "declAttributes": [
              "AccessControl"
            ],
            "init_kind": "Designated"
          },
          {
            "kind": "Function",
            "name": "start",
            "printedName": "start(appkey:)",
            "children": [
              {
                "kind": "TypeNominal",
                "name": "Void",
                "printedName": "()"
              },
              {
                "kind": "TypeNominal",
                "name": "String",
                "printedName": "Swift.String",
                "usr": "s:SS"
              }
            ],
            "declKind": "Func",
            "usr": "s:19APSDKMediationCauly0B21InitializationAdapterC5start6appkeyySS_tF",
            "mangledName": "$s19APSDKMediationCauly0B21InitializationAdapterC5start6appkeyySS_tF",
            "moduleName": "APSDKMediationCauly",
            "declAttributes": [
              "Final",
              "AccessControl"
            ],
            "funcSelfKind": "NonMutating"
          }
        ],
        "declKind": "Class",
        "usr": "s:19APSDKMediationCauly0B21InitializationAdapterC",
        "mangledName": "$s19APSDKMediationCauly0B21InitializationAdapterC",
        "moduleName": "APSDKMediationCauly",
        "declAttributes": [
          "Final",
          "AccessControl"
        ],
        "conformances": [
          {
            "kind": "Conformance",
            "name": "Copyable",
            "printedName": "Copyable",
            "usr": "s:s8CopyableP",
            "mangledName": "$ss8CopyableP"
          },
          {
            "kind": "Conformance",
            "name": "Escapable",
            "printedName": "Escapable",
            "usr": "s:s9EscapableP",
            "mangledName": "$ss9EscapableP"
          },
          {
            "kind": "Conformance",
            "name": "InitializationProtocol",
            "printedName": "InitializationProtocol",
            "usr": "s:15AdPopcornSSPSDK22InitializationProtocolP",
            "mangledName": "$s15AdPopcornSSPSDK22InitializationProtocolP"
          }
        ]
      },
      {
        "kind": "Import",
        "name": "UIKit",
        "printedName": "UIKit",
        "declKind": "Import",
        "moduleName": "APSDKMediationCauly",
        "declAttributes": [
          "RawDocComment"
        ]
      },
      {
        "kind": "Import",
        "name": "AdPopcornSSPSDK",
        "printedName": "AdPopcornSSPSDK",
        "declKind": "Import",
        "moduleName": "APSDKMediationCauly"
      },
      {
        "kind": "TypeDecl",
        "name": "CaulyInterstitialAdapter",
        "printedName": "CaulyInterstitialAdapter",
        "children": [
          {
            "kind": "Var",
            "name": "rootViewController",
            "printedName": "rootViewController",
            "children": [
              {
                "kind": "TypeNominal",
                "name": "Optional",
                "printedName": "UIKit.UIViewController?",
                "children": [
                  {
                    "kind": "TypeNominal",
                    "name": "UIViewController",
                    "printedName": "UIKit.UIViewController",
                    "usr": "c:objc(cs)UIViewController"
                  }
                ],
                "usr": "s:Sq"
              }
            ],
            "declKind": "Var",
            "usr": "s:19APSDKMediationCauly0B19InterstitialAdapterC18rootViewControllerSo06UIViewG0CSgvp",
            "mangledName": "$s19APSDKMediationCauly0B19InterstitialAdapterC18rootViewControllerSo06UIViewG0CSgvp",
            "moduleName": "APSDKMediationCauly",
            "declAttributes": [
              "HasInitialValue",
              "Final",
              "HasStorage",
              "AccessControl"
            ],
            "hasStorage": true,
            "accessors": [
              {
                "kind": "Accessor",
                "name": "Get",
                "printedName": "Get()",
                "children": [
                  {
                    "kind": "TypeNominal",
                    "name": "Optional",
                    "printedName": "UIKit.UIViewController?",
                    "children": [
                      {
                        "kind": "TypeNominal",
                        "name": "UIViewController",
                        "printedName": "UIKit.UIViewController",
                        "usr": "c:objc(cs)UIViewController"
                      }
                    ],
                    "usr": "s:Sq"
                  }
                ],
                "declKind": "Accessor",
                "usr": "s:19APSDKMediationCauly0B19InterstitialAdapterC18rootViewControllerSo06UIViewG0CSgvg",
                "mangledName": "$s19APSDKMediationCauly0B19InterstitialAdapterC18rootViewControllerSo06UIViewG0CSgvg",
                "moduleName": "APSDKMediationCauly",
                "implicit": true,
                "declAttributes": [
                  "Final"
                ],
                "accessorKind": "get"
              },
              {
                "kind": "Accessor",
                "name": "Set",
                "printedName": "Set()",
                "children": [
                  {
                    "kind": "TypeNominal",
                    "name": "Void",
                    "printedName": "()"
                  },
                  {
                    "kind": "TypeNominal",
                    "name": "Optional",
                    "printedName": "UIKit.UIViewController?",
                    "children": [
                      {
                        "kind": "TypeNominal",
                        "name": "UIViewController",
                        "printedName": "UIKit.UIViewController",
                        "usr": "c:objc(cs)UIViewController"
                      }
                    ],
                    "usr": "s:Sq"
                  }
                ],
                "declKind": "Accessor",
                "usr": "s:19APSDKMediationCauly0B19InterstitialAdapterC18rootViewControllerSo06UIViewG0CSgvs",
                "mangledName": "$s19APSDKMediationCauly0B19InterstitialAdapterC18rootViewControllerSo06UIViewG0CSgvs",
                "moduleName": "APSDKMediationCauly",
                "implicit": true,
                "declAttributes": [
                  "Final"
                ],
                "accessorKind": "set"
              },
              {
                "kind": "Accessor",
                "name": "Modify",
                "printedName": "Modify()",
                "children": [
                  {
                    "kind": "TypeNominal",
                    "name": "Void",
                    "printedName": "()"
                  }
                ],
                "declKind": "Accessor",
                "usr": "s:19APSDKMediationCauly0B19InterstitialAdapterC18rootViewControllerSo06UIViewG0CSgvM",
                "mangledName": "$s19APSDKMediationCauly0B19InterstitialAdapterC18rootViewControllerSo06UIViewG0CSgvM",
                "moduleName": "APSDKMediationCauly",
                "implicit": true,
                "declAttributes": [
                  "Final"
                ],
                "accessorKind": "_modify"
              }
            ]
          },
          {
            "kind": "Var",
            "name": "delegate",
            "printedName": "delegate",
            "children": [
              {
                "kind": "TypeNominal",
                "name": "Optional",
                "printedName": "(any AdPopcornSSPSDK.InterstitialAdapterDelegate)?",
                "children": [
                  {
                    "kind": "TypeNominal",
                    "name": "InterstitialAdapterDelegate",
                    "printedName": "any AdPopcornSSPSDK.InterstitialAdapterDelegate",
                    "usr": "s:15AdPopcornSSPSDK27InterstitialAdapterDelegateP"
                  }
                ],
                "usr": "s:Sq"
              }
            ],
            "declKind": "Var",
            "usr": "s:19APSDKMediationCauly0B19InterstitialAdapterC8delegate15AdPopcornSSPSDK0cD8Delegate_pSgvp",
            "mangledName": "$s19APSDKMediationCauly0B19InterstitialAdapterC8delegate15AdPopcornSSPSDK0cD8Delegate_pSgvp",
            "moduleName": "APSDKMediationCauly",
            "declAttributes": [
              "HasInitialValue",
              "Final",
              "HasStorage",
              "AccessControl"
            ],
            "hasStorage": true,
            "accessors": [
              {
                "kind": "Accessor",
                "name": "Get",
                "printedName": "Get()",
                "children": [
                  {
                    "kind": "TypeNominal",
                    "name": "Optional",
                    "printedName": "(any AdPopcornSSPSDK.InterstitialAdapterDelegate)?",
                    "children": [
                      {
                        "kind": "TypeNominal",
                        "name": "InterstitialAdapterDelegate",
                        "printedName": "any AdPopcornSSPSDK.InterstitialAdapterDelegate",
                        "usr": "s:15AdPopcornSSPSDK27InterstitialAdapterDelegateP"
                      }
                    ],
                    "usr": "s:Sq"
                  }
                ],
                "declKind": "Accessor",
                "usr": "s:19APSDKMediationCauly0B19InterstitialAdapterC8delegate15AdPopcornSSPSDK0cD8Delegate_pSgvg",
                "mangledName": "$s19APSDKMediationCauly0B19InterstitialAdapterC8delegate15AdPopcornSSPSDK0cD8Delegate_pSgvg",
                "moduleName": "APSDKMediationCauly",
                "implicit": true,
                "declAttributes": [
                  "Final"
                ],
                "accessorKind": "get"
              },
              {
                "kind": "Accessor",
                "name": "Set",
                "printedName": "Set()",
                "children": [
                  {
                    "kind": "TypeNominal",
                    "name": "Void",
                    "printedName": "()"
                  },
                  {
                    "kind": "TypeNominal",
                    "name": "Optional",
                    "printedName": "(any AdPopcornSSPSDK.InterstitialAdapterDelegate)?",
                    "children": [
                      {
                        "kind": "TypeNominal",
                        "name": "InterstitialAdapterDelegate",
                        "printedName": "any AdPopcornSSPSDK.InterstitialAdapterDelegate",
                        "usr": "s:15AdPopcornSSPSDK27InterstitialAdapterDelegateP"
                      }
                    ],
                    "usr": "s:Sq"
                  }
                ],
                "declKind": "Accessor",
                "usr": "s:19APSDKMediationCauly0B19InterstitialAdapterC8delegate15AdPopcornSSPSDK0cD8Delegate_pSgvs",
                "mangledName": "$s19APSDKMediationCauly0B19InterstitialAdapterC8delegate15AdPopcornSSPSDK0cD8Delegate_pSgvs",
                "moduleName": "APSDKMediationCauly",
                "implicit": true,
                "declAttributes": [
                  "Final"
                ],
                "accessorKind": "set"
              },
              {
                "kind": "Accessor",
                "name": "Modify",
                "printedName": "Modify()",
                "children": [
                  {
                    "kind": "TypeNominal",
                    "name": "Void",
                    "printedName": "()"
                  }
                ],
                "declKind": "Accessor",
                "usr": "s:19APSDKMediationCauly0B19InterstitialAdapterC8delegate15AdPopcornSSPSDK0cD8Delegate_pSgvM",
                "mangledName": "$s19APSDKMediationCauly0B19InterstitialAdapterC8delegate15AdPopcornSSPSDK0cD8Delegate_pSgvM",
                "moduleName": "APSDKMediationCauly",
                "implicit": true,
                "declAttributes": [
                  "Final"
                ],
                "accessorKind": "_modify"
              }
            ]
          },
          {
            "kind": "Constructor",
            "name": "init",
            "printedName": "init(placementDic:rootViewController:info:)",
            "children": [
              {
                "kind": "TypeNominal",
                "name": "CaulyInterstitialAdapter",
                "printedName": "APSDKMediationCauly.CaulyInterstitialAdapter",
                "usr": "s:19APSDKMediationCauly0B19InterstitialAdapterC"
              },
              {
                "kind": "TypeNominal",
                "name": "Dictionary",
                "printedName": "[Swift.String : Swift.String]",
                "children": [
                  {
                    "kind": "TypeNominal",
                    "name": "String",
                    "printedName": "Swift.String",
                    "usr": "s:SS"
                  },
                  {
                    "kind": "TypeNominal",
                    "name": "String",
                    "printedName": "Swift.String",
                    "usr": "s:SS"
                  }
                ],
                "usr": "s:SD"
              },
              {
                "kind": "TypeNominal",
                "name": "Optional",
                "printedName": "UIKit.UIViewController?",
                "children": [
                  {
                    "kind": "TypeNominal",
                    "name": "UIViewController",
                    "printedName": "UIKit.UIViewController",
                    "usr": "c:objc(cs)UIViewController"
                  }
                ],
                "usr": "s:Sq"
              },
              {
                "kind": "TypeNominal",
                "name": "Dictionary",
                "printedName": "[Swift.String : Any?]",
                "children": [
                  {
                    "kind": "TypeNominal",
                    "name": "String",
                    "printedName": "Swift.String",
                    "usr": "s:SS"
                  },
                  {
                    "kind": "TypeNominal",
                    "name": "Optional",
                    "printedName": "Any?",
                    "children": [
                      {
                        "kind": "TypeNominal",
                        "name": "ProtocolComposition",
                        "printedName": "Any"
                      }
                    ],
                    "usr": "s:Sq"
                  }
                ],
                "usr": "s:SD"
              }
            ],
            "declKind": "Constructor",
            "usr": "s:19APSDKMediationCauly0B19InterstitialAdapterC12placementDic18rootViewController4infoACSDyS2SG_So06UIViewI0CSgSDySSypSgGtcfc",
            "mangledName": "$s19APSDKMediationCauly0B19InterstitialAdapterC12placementDic18rootViewController4infoACSDyS2SG_So06UIViewI0CSgSDySSypSgGtcfc",
            "moduleName": "APSDKMediationCauly",
            "declAttributes": [
              "AccessControl"
            ],
            "init_kind": "Designated"
          },
          {
            "kind": "Function",
            "name": "connectDelegate",
            "printedName": "connectDelegate(delegate:)",
            "children": [
              {
                "kind": "TypeNominal",
                "name": "Void",
                "printedName": "()"
              },
              {
                "kind": "TypeNominal",
                "name": "InterstitialAdapterDelegate",
                "printedName": "any AdPopcornSSPSDK.InterstitialAdapterDelegate",
                "usr": "s:15AdPopcornSSPSDK27InterstitialAdapterDelegateP"
              }
            ],
            "declKind": "Func",
            "usr": "s:19APSDKMediationCauly0B19InterstitialAdapterC15connectDelegate8delegatey15AdPopcornSSPSDK0cdF0_p_tF",
            "mangledName": "$s19APSDKMediationCauly0B19InterstitialAdapterC15connectDelegate8delegatey15AdPopcornSSPSDK0cdF0_p_tF",
            "moduleName": "APSDKMediationCauly",
            "declAttributes": [
              "Final",
              "AccessControl"
            ],
            "funcSelfKind": "NonMutating"
          },
          {
            "kind": "Function",
            "name": "disconnectDelegate",
            "printedName": "disconnectDelegate()",
            "children": [
              {
                "kind": "TypeNominal",
                "name": "Void",
                "printedName": "()"
              }
            ],
            "declKind": "Func",
            "usr": "s:19APSDKMediationCauly0B19InterstitialAdapterC18disconnectDelegateyyF",
            "mangledName": "$s19APSDKMediationCauly0B19InterstitialAdapterC18disconnectDelegateyyF",
            "moduleName": "APSDKMediationCauly",
            "declAttributes": [
              "Final",
              "AccessControl"
            ],
            "funcSelfKind": "NonMutating"
          },
          {
            "kind": "Function",
            "name": "present",
            "printedName": "present(from:completion:)",
            "children": [
              {
                "kind": "TypeNominal",
                "name": "Void",
                "printedName": "()"
              },
              {
                "kind": "TypeNominal",
                "name": "UIViewController",
                "printedName": "UIKit.UIViewController",
                "usr": "c:objc(cs)UIViewController"
              },
              {
                "kind": "TypeFunc",
                "name": "Function",
                "printedName": "() -> ()",
                "children": [
                  {
                    "kind": "TypeNominal",
                    "name": "Void",
                    "printedName": "()"
                  },
                  {
                    "kind": "TypeNominal",
                    "name": "Void",
                    "printedName": "()"
                  }
                ],
                "typeAttributes": [
                  "noescape"
                ]
              }
            ],
            "declKind": "Func",
            "usr": "s:19APSDKMediationCauly0B19InterstitialAdapterC7present4from10completionySo16UIViewControllerC_yyXEtF",
            "mangledName": "$s19APSDKMediationCauly0B19InterstitialAdapterC7present4from10completionySo16UIViewControllerC_yyXEtF",
            "moduleName": "APSDKMediationCauly",
            "declAttributes": [
              "Final",
              "AccessControl"
            ],
            "funcSelfKind": "NonMutating"
          },
          {
            "kind": "Function",
            "name": "interstitialLoadSuccess",
            "printedName": "interstitialLoadSuccess()",
            "children": [
              {
                "kind": "TypeNominal",
                "name": "Void",
                "printedName": "()"
              }
            ],
            "declKind": "Func",
            "usr": "s:19APSDKMediationCauly0B19InterstitialAdapterC23interstitialLoadSuccessyyF",
            "mangledName": "$s19APSDKMediationCauly0B19InterstitialAdapterC23interstitialLoadSuccessyyF",
            "moduleName": "APSDKMediationCauly",
            "declAttributes": [
              "Final",
              "AccessControl"
            ],
            "isFromExtension": true,
            "funcSelfKind": "NonMutating"
          },
          {
            "kind": "Function",
            "name": "interstitialLoadFail",
            "printedName": "interstitialLoadFail(error:)",
            "children": [
              {
                "kind": "TypeNominal",
                "name": "Void",
                "printedName": "()"
              },
              {
                "kind": "TypeNominal",
                "name": "NetworkError",
                "printedName": "AdPopcornSSPSDK.NetworkError",
                "usr": "c:@M@AdPopcornSSPSDK@E@NetworkError"
              }
            ],
            "declKind": "Func",
            "usr": "s:19APSDKMediationCauly0B19InterstitialAdapterC20interstitialLoadFail5errory15AdPopcornSSPSDK12NetworkErrorO_tF",
            "mangledName": "$s19APSDKMediationCauly0B19InterstitialAdapterC20interstitialLoadFail5errory15AdPopcornSSPSDK12NetworkErrorO_tF",
            "moduleName": "APSDKMediationCauly",
            "declAttributes": [
              "Final",
              "AccessControl"
            ],
            "isFromExtension": true,
            "funcSelfKind": "NonMutating"
          },
          {
            "kind": "Function",
            "name": "interstitialShowSuccess",
            "printedName": "interstitialShowSuccess(message:)",
            "children": [
              {
                "kind": "TypeNominal",
                "name": "Void",
                "printedName": "()"
              },
              {
                "kind": "TypeNominal",
                "name": "String",
                "printedName": "Swift.String",
                "usr": "s:SS"
              }
            ],
            "declKind": "Func",
            "usr": "s:19APSDKMediationCauly0B19InterstitialAdapterC23interstitialShowSuccess7messageySS_tF",
            "mangledName": "$s19APSDKMediationCauly0B19InterstitialAdapterC23interstitialShowSuccess7messageySS_tF",
            "moduleName": "APSDKMediationCauly",
            "declAttributes": [
              "Final",
              "AccessControl"
            ],
            "isFromExtension": true,
            "funcSelfKind": "NonMutating"
          },
          {
            "kind": "Function",
            "name": "interstitialShowFail",
            "printedName": "interstitialShowFail(message:)",
            "children": [
              {
                "kind": "TypeNominal",
                "name": "Void",
                "printedName": "()"
              },
              {
                "kind": "TypeNominal",
                "name": "String",
                "printedName": "Swift.String",
                "usr": "s:SS"
              }
            ],
            "declKind": "Func",
            "usr": "s:19APSDKMediationCauly0B19InterstitialAdapterC20interstitialShowFail7messageySS_tF",
            "mangledName": "$s19APSDKMediationCauly0B19InterstitialAdapterC20interstitialShowFail7messageySS_tF",
            "moduleName": "APSDKMediationCauly",
            "declAttributes": [
              "Final",
              "AccessControl"
            ],
            "isFromExtension": true,
            "funcSelfKind": "NonMutating"
          },
          {
            "kind": "Function",
            "name": "interstitialClicked",
            "printedName": "interstitialClicked(message:)",
            "children": [
              {
                "kind": "TypeNominal",
                "name": "Void",
                "printedName": "()"
              },
              {
                "kind": "TypeNominal",
                "name": "String",
                "printedName": "Swift.String",
                "usr": "s:SS"
              }
            ],
            "declKind": "Func",
            "usr": "s:19APSDKMediationCauly0B19InterstitialAdapterC19interstitialClicked7messageySS_tF",
            "mangledName": "$s19APSDKMediationCauly0B19InterstitialAdapterC19interstitialClicked7messageySS_tF",
            "moduleName": "APSDKMediationCauly",
            "declAttributes": [
              "Final",
              "AccessControl"
            ],
            "isFromExtension": true,
            "funcSelfKind": "NonMutating"
          },
          {
            "kind": "Function",
            "name": "interstitialClosed",
            "printedName": "interstitialClosed(message:)",
            "children": [
              {
                "kind": "TypeNominal",
                "name": "Void",
                "printedName": "()"
              },
              {
                "kind": "TypeNominal",
                "name": "String",
                "printedName": "Swift.String",
                "usr": "s:SS"
              }
            ],
            "declKind": "Func",
            "usr": "s:19APSDKMediationCauly0B19InterstitialAdapterC18interstitialClosed7messageySS_tF",
            "mangledName": "$s19APSDKMediationCauly0B19InterstitialAdapterC18interstitialClosed7messageySS_tF",
            "moduleName": "APSDKMediationCauly",
            "declAttributes": [
              "Final",
              "AccessControl"
            ],
            "isFromExtension": true,
            "funcSelfKind": "NonMutating"
          }
        ],
        "declKind": "Class",
        "usr": "s:19APSDKMediationCauly0B19InterstitialAdapterC",
        "mangledName": "$s19APSDKMediationCauly0B19InterstitialAdapterC",
        "moduleName": "APSDKMediationCauly",
        "declAttributes": [
          "AccessControl",
          "Final"
        ],
        "conformances": [
          {
            "kind": "Conformance",
            "name": "Copyable",
            "printedName": "Copyable",
            "usr": "s:s8CopyableP",
            "mangledName": "$ss8CopyableP"
          },
          {
            "kind": "Conformance",
            "name": "Escapable",
            "printedName": "Escapable",
            "usr": "s:s9EscapableP",
            "mangledName": "$ss9EscapableP"
          },
          {
            "kind": "Conformance",
            "name": "InterstitialAdapterProtocol",
            "printedName": "InterstitialAdapterProtocol",
            "usr": "s:15AdPopcornSSPSDK27InterstitialAdapterProtocolP",
            "mangledName": "$s15AdPopcornSSPSDK27InterstitialAdapterProtocolP"
          },
          {
            "kind": "Conformance",
            "name": "InterstitialAdapterDelegate",
            "printedName": "InterstitialAdapterDelegate",
            "usr": "s:15AdPopcornSSPSDK27InterstitialAdapterDelegateP",
            "mangledName": "$s15AdPopcornSSPSDK27InterstitialAdapterDelegateP"
          }
        ]
      },
      {
        "kind": "Import",
        "name": "UIKit",
        "printedName": "UIKit",
        "declKind": "Import",
        "moduleName": "APSDKMediationCauly",
        "declAttributes": [
          "RawDocComment"
        ]
      },
      {
        "kind": "Import",
        "name": "AdPopcornSSPSDK",
        "printedName": "AdPopcornSSPSDK",
        "declKind": "Import",
        "moduleName": "APSDKMediationCauly"
      },
      {
        "kind": "Import",
        "name": "CaulySDK",
        "printedName": "CaulySDK",
        "declKind": "Import",
        "moduleName": "APSDKMediationCauly"
      },
      {
        "kind": "Import",
        "name": "Foundation",
        "printedName": "Foundation",
        "declKind": "Import",
        "moduleName": "APSDKMediationCauly",
        "declAttributes": [
          "RawDocComment"
        ]
      },
      {
        "kind": "Import",
        "name": "AdPopcornSSPSDK",
        "printedName": "AdPopcornSSPSDK",
        "declKind": "Import",
        "moduleName": "APSDKMediationCauly"
      },
      {
        "kind": "TypeDecl",
        "name": "AdPopcornSSP",
        "printedName": "AdPopcornSSP",
        "children": [
          {
            "kind": "Function",
            "name": "caulyisSupportBanner",
            "printedName": "caulyisSupportBanner()",
            "children": [
              {
                "kind": "TypeNominal",
                "name": "Bool",
                "printedName": "Swift.Bool",
                "usr": "s:Sb"
              }
            ],
            "declKind": "Func",
            "usr": "c:@CM@APSDKMediationCauly@AdPopcornSSPSDK@objc(cs)AdPopcornSSP(im)caulyisSupportBanner",
            "mangledName": "$s15AdPopcornSSPSDK0aB3SSPC19APSDKMediationCaulyE20caulyisSupportBannerSbyF",
            "moduleName": "APSDKMediationCauly",
            "declAttributes": [
              "Final",
              "AccessControl",
              "ObjC",
              "RawDocComment"
            ],
            "isFromExtension": true,
            "funcSelfKind": "NonMutating"
          },
          {
            "kind": "Function",
            "name": "caulyisSupportNative",
            "printedName": "caulyisSupportNative()",
            "children": [
              {
                "kind": "TypeNominal",
                "name": "Bool",
                "printedName": "Swift.Bool",
                "usr": "s:Sb"
              }
            ],
            "declKind": "Func",
            "usr": "c:@CM@APSDKMediationCauly@AdPopcornSSPSDK@objc(cs)AdPopcornSSP(im)caulyisSupportNative",
            "mangledName": "$s15AdPopcornSSPSDK0aB3SSPC19APSDKMediationCaulyE20caulyisSupportNativeSbyF",
            "moduleName": "APSDKMediationCauly",
            "declAttributes": [
              "Final",
              "AccessControl",
              "ObjC",
              "RawDocComment"
            ],
            "isFromExtension": true,
            "funcSelfKind": "NonMutating"
          },
          {
            "kind": "Function",
            "name": "caulyisSupportInterstitial",
            "printedName": "caulyisSupportInterstitial()",
            "children": [
              {
                "kind": "TypeNominal",
                "name": "Bool",
                "printedName": "Swift.Bool",
                "usr": "s:Sb"
              }
            ],
            "declKind": "Func",
            "usr": "c:@CM@APSDKMediationCauly@AdPopcornSSPSDK@objc(cs)AdPopcornSSP(im)caulyisSupportInterstitial",
            "mangledName": "$s15AdPopcornSSPSDK0aB3SSPC19APSDKMediationCaulyE26caulyisSupportInterstitialSbyF",
            "moduleName": "APSDKMediationCauly",
            "declAttributes": [
              "Final",
              "AccessControl",
              "ObjC",
              "RawDocComment"
            ],
            "isFromExtension": true,
            "funcSelfKind": "NonMutating"
          },
          {
            "kind": "Function",
            "name": "caulyisSupportInterstitialVideo",
            "printedName": "caulyisSupportInterstitialVideo()",
            "children": [
              {
                "kind": "TypeNominal",
                "name": "Bool",
                "printedName": "Swift.Bool",
                "usr": "s:Sb"
              }
            ],
            "declKind": "Func",
            "usr": "c:@CM@APSDKMediationCauly@AdPopcornSSPSDK@objc(cs)AdPopcornSSP(im)caulyisSupportInterstitialVideo",
            "mangledName": "$s15AdPopcornSSPSDK0aB3SSPC19APSDKMediationCaulyE31caulyisSupportInterstitialVideoSbyF",
            "moduleName": "APSDKMediationCauly",
            "declAttributes": [
              "Final",
              "AccessControl",
              "ObjC",
              "RawDocComment"
            ],
            "isFromExtension": true,
            "funcSelfKind": "NonMutating"
          },
          {
            "kind": "Function",
            "name": "caulyisSupportRewardVideo",
            "printedName": "caulyisSupportRewardVideo()",
            "children": [
              {
                "kind": "TypeNominal",
                "name": "Bool",
                "printedName": "Swift.Bool",
                "usr": "s:Sb"
              }
            ],
            "declKind": "Func",
            "usr": "c:@CM@APSDKMediationCauly@AdPopcornSSPSDK@objc(cs)AdPopcornSSP(im)caulyisSupportRewardVideo",
            "mangledName": "$s15AdPopcornSSPSDK0aB3SSPC19APSDKMediationCaulyE25caulyisSupportRewardVideoSbyF",
            "moduleName": "APSDKMediationCauly",
            "declAttributes": [
              "Final",
              "AccessControl",
              "ObjC",
              "RawDocComment"
            ],
            "isFromExtension": true,
            "funcSelfKind": "NonMutating"
          }
        ],
        "declKind": "Class",
        "usr": "c:@M@AdPopcornSSPSDK@objc(cs)AdPopcornSSP",
        "mangledName": "$s15AdPopcornSSPSDK0aB3SSPC",
        "moduleName": "AdPopcornSSPSDK",
        "declAttributes": [
          "Final",
          "ObjC"
        ],
        "superclassUsr": "c:objc(cs)NSObject",
        "isExternal": true,
        "inheritsConvenienceInitializers": true,
        "superclassNames": [
          "ObjectiveC.NSObject"
        ],
        "conformances": [
          {
            "kind": "Conformance",
            "name": "Copyable",
            "printedName": "Copyable",
            "usr": "s:s8CopyableP",
            "mangledName": "$ss8CopyableP"
          },
          {
            "kind": "Conformance",
            "name": "Escapable",
            "printedName": "Escapable",
            "usr": "s:s9EscapableP",
            "mangledName": "$ss9EscapableP"
          },
          {
            "kind": "Conformance",
            "name": "Equatable",
            "printedName": "Equatable",
            "usr": "s:SQ",
            "mangledName": "$sSQ"
          },
          {
            "kind": "Conformance",
            "name": "Hashable",
            "printedName": "Hashable",
            "usr": "s:SH",
            "mangledName": "$sSH"
          },
          {
            "kind": "Conformance",
            "name": "CVarArg",
            "printedName": "CVarArg",
            "usr": "s:s7CVarArgP",
            "mangledName": "$ss7CVarArgP"
          },
          {
            "kind": "Conformance",
            "name": "_KeyValueCodingAndObservingPublishing",
            "printedName": "_KeyValueCodingAndObservingPublishing",
            "usr": "s:10Foundation37_KeyValueCodingAndObservingPublishingP",
            "mangledName": "$s10Foundation37_KeyValueCodingAndObservingPublishingP"
          },
          {
            "kind": "Conformance",
            "name": "_KeyValueCodingAndObserving",
            "printedName": "_KeyValueCodingAndObserving",
            "usr": "s:10Foundation27_KeyValueCodingAndObservingP",
            "mangledName": "$s10Foundation27_KeyValueCodingAndObservingP"
          },
          {
            "kind": "Conformance",
            "name": "CustomStringConvertible",
            "printedName": "CustomStringConvertible",
            "usr": "s:s23CustomStringConvertibleP",
            "mangledName": "$ss23CustomStringConvertibleP"
          },
          {
            "kind": "Conformance",
            "name": "CustomDebugStringConvertible",
            "printedName": "CustomDebugStringConvertible",
            "usr": "s:s28CustomDebugStringConvertibleP",
            "mangledName": "$ss28CustomDebugStringConvertibleP"
          }
        ]
      }
    ],
    "json_format_version": 8
  },
  "ConstValues": []
}